{
  "transTime": 18426.2365,
  "css": {
    "filename": "new.css",
    "unSize": 2125644,
    "br": {
      "size": 257892,
      "enc": 45.8213,
      "dec": 40.5324
    },
    "zstd": {
      "size": 280251,
      "enc": 40.7128,
      "dec": 27.6104
    },
    "gz": {
      "size": 297200,
      "enc": 45.21,
      "dec": 29.4444
    }
  },
  "js": {
    "filename": "translations.js",
    "unSize": 644176,
    "br": {
      "size": 108214,
      "enc": 22.5405,
      "dec": 41.8507
    },
    "zstd": {
      "size": 117223,
      "enc": 27.7894,
      "dec": 28.7602
    },
    "gz": {
      "size": 125842,
      "enc": 21.4942,
      "dec": 27.4558
    }
  },
  "total": {
    "mixLabel": "   BR:",
    "unSize": 2769820,
    "br": {
      "size": 366106,
      "enc": 68.3618,
      "dec": 82.38310000000001
    },
    "zstd": {
      "size": 366106,
      "enc": 68.3618,
      "dec": 82.38310000000001
    },
    "gz": {
      "size": 366106,
      "enc": 68.3618,
      "dec": 82.38310000000001
    }
  },
  "file": {
    "label": "DATEx2.Thumbnails.css",
    "filename": "DATEx2.Thumbnails.css",
    "unSize": 8638749,
    "br": {
      "size": 6384189,
      "enc": 1266.4923,
      "dec": 1248.7155
    },
    "zstd": {
      "size": 6388301,
      "enc": 1239.9566,
      "dec": 1233.175
    },
    "gz": {
      "size": 6460464,
      "enc": 1244.5591,
      "dec": 40.945
    },
    "time": 12766.2048,
    "oldSize": 8638749
  }
}